[{
  "_id": {
    "$oid": "6421ad7897954421ec612912"
  },
  "user": {
    "$oid": "6421ad078361b12b6cab5d20"
  },
  "project": {
    "$oid": "6421ac72c0d5aa3da0c051bd"
  },
  "amount": 0,
  "message": "",
  "createdAt": {
    "$date": "2023-03-27T14:51:36.188Z"
  },
  "updatedAt": {
    "$date": "2023-03-27T14:51:36.188Z"
  },
  "__v": 0
},{
  "_id": {
    "$oid": "6421ad7897954421ec61296f"
  },
  "user": {
    "$oid": "6421ac1363128d35fc6bbe25"
  },
  "project": {
    "$oid": "6421ad7897954421ec612914"
  },
  "amount": 0,
  "message": "",
  "createdAt": {
    "$date": "2023-03-27T14:51:36.478Z"
  },
  "updatedAt": {
    "$date": "2023-03-27T14:51:36.478Z"
  },
  "__v": 0
},{
  "_id": {
    "$oid": "6421ad7897954421ec612973"
  },
  "user": {
    "$oid": "6421ad018361b12b6cab5cf6"
  },
  "project": {
    "$oid": "6421ad7897954421ec612940"
  },
  "amount": 0,
  "message": "",
  "createdAt": {
    "$date": "2023-03-27T14:51:36.678Z"
  },
  "updatedAt": {
    "$date": "2023-03-27T14:51:36.678Z"
  },
  "__v": 0
},{
  "_id": {
    "$oid": "6421ad7897954421ec612977"
  },
  "user": {
    "$oid": "6421ad058361b12b6cab5d14"
  },
  "project": {
    "$oid": "6421ad7897954421ec612947"
  },
  "amount": 0,
  "message": "",
  "createdAt": {
    "$date": "2023-03-27T14:51:36.921Z"
  },
  "updatedAt": {
    "$date": "2023-03-27T14:51:36.921Z"
  },
  "__v": 0
},{
  "_id": {
    "$oid": "6421ad7997954421ec61297b"
  },
  "user": {
    "$oid": "6421ad088361b12b6cab5d26"
  },
  "project": {
    "$oid": "6421ad7897954421ec612940"
  },
  "amount": 0,
  "message": "",
  "createdAt": {
    "$date": "2023-03-27T14:51:37.148Z"
  },
  "updatedAt": {
    "$date": "2023-03-27T14:51:37.148Z"
  },
  "__v": 0
},{
  "_id": {
    "$oid": "6421ad7997954421ec61297f"
  },
  "user": {
    "$oid": "6421ad018361b12b6cab5cf6"
  },
  "project": {
    "$oid": "6421ad7897954421ec612960"
  },
  "amount": 0,
  "message": "",
  "createdAt": {
    "$date": "2023-03-27T14:51:37.394Z"
  },
  "updatedAt": {
    "$date": "2023-03-27T14:51:37.394Z"
  },
  "__v": 0
},{
  "_id": {
    "$oid": "6421ad7997954421ec612983"
  },
  "user": {
    "$oid": "6421ad048361b12b6cab5d0e"
  },
  "project": {
    "$oid": "6421ad7897954421ec612931"
  },
  "amount": 0,
  "message": "",
  "createdAt": {
    "$date": "2023-03-27T14:51:37.617Z"
  },
  "updatedAt": {
    "$date": "2023-03-27T14:51:37.617Z"
  },
  "__v": 0
},{
  "_id": {
    "$oid": "6421ad7997954421ec612987"
  },
  "user": {
    "$oid": "6421ad068361b12b6cab5d1a"
  },
  "project": {
    "$oid": "6421ac72c0d5aa3da0c051bd"
  },
  "amount": 0,
  "message": "",
  "createdAt": {
    "$date": "2023-03-27T14:51:37.846Z"
  },
  "updatedAt": {
    "$date": "2023-03-27T14:51:37.846Z"
  },
  "__v": 0
},{
  "_id": {
    "$oid": "6421ad7a97954421ec61298b"
  },
  "user": {
    "$oid": "6421ac949ef6594310af85e8"
  },
  "project": {
    "$oid": "6421ad7897954421ec612906"
  },
  "amount": 0,
  "message": "",
  "createdAt": {
    "$date": "2023-03-27T14:51:38.100Z"
  },
  "updatedAt": {
    "$date": "2023-03-27T14:51:38.100Z"
  },
  "__v": 0
},{
  "_id": {
    "$oid": "6421ad7a97954421ec61298f"
  },
  "user": {
    "$oid": "6421ad068361b12b6cab5d1a"
  },
  "project": {
    "$oid": "6421ad7897954421ec61293a"
  },
  "amount": 0,
  "message": "",
  "createdAt": {
    "$date": "2023-03-27T14:51:38.314Z"
  },
  "updatedAt": {
    "$date": "2023-03-27T14:51:38.314Z"
  },
  "__v": 0
},{
  "_id": {
    "$oid": "6421ad7a97954421ec612993"
  },
  "user": {
    "$oid": "6421ad088361b12b6cab5d26"
  },
  "project": {
    "$oid": "6421ac72c0d5aa3da0c051bd"
  },
  "amount": 0,
  "message": "",
  "createdAt": {
    "$date": "2023-03-27T14:51:38.668Z"
  },
  "updatedAt": {
    "$date": "2023-03-27T14:51:38.668Z"
  },
  "__v": 0
},{
  "_id": {
    "$oid": "6421ad7a97954421ec612997"
  },
  "user": {
    "$oid": "6421ad078361b12b6cab5d20"
  },
  "project": {
    "$oid": "6421ad7897954421ec612940"
  },
  "amount": 0,
  "message": "",
  "createdAt": {
    "$date": "2023-03-27T14:51:38.887Z"
  },
  "updatedAt": {
    "$date": "2023-03-27T14:51:38.887Z"
  },
  "__v": 0
},{
  "_id": {
    "$oid": "6421ad7b97954421ec61299b"
  },
  "user": {
    "$oid": "6421ad058361b12b6cab5d11"
  },
  "project": {
    "$oid": "6421ad7897954421ec61291f"
  },
  "amount": 0,
  "message": "",
  "createdAt": {
    "$date": "2023-03-27T14:51:39.108Z"
  },
  "updatedAt": {
    "$date": "2023-03-27T14:51:39.108Z"
  },
  "__v": 0
},{
  "_id": {
    "$oid": "6421ad7b97954421ec61299f"
  },
  "user": {
    "$oid": "6421ac1363128d35fc6bbe25"
  },
  "project": {
    "$oid": "6421ad7897954421ec612960"
  },
  "amount": 0,
  "message": "",
  "createdAt": {
    "$date": "2023-03-27T14:51:39.358Z"
  },
  "updatedAt": {
    "$date": "2023-03-27T14:51:39.358Z"
  },
  "__v": 0
},{
  "_id": {
    "$oid": "6421ad7b97954421ec6129a3"
  },
  "user": {
    "$oid": "6421ad068361b12b6cab5d17"
  },
  "project": {
    "$oid": "6421ad7897954421ec612940"
  },
  "amount": 0,
  "message": "",
  "createdAt": {
    "$date": "2023-03-27T14:51:39.582Z"
  },
  "updatedAt": {
    "$date": "2023-03-27T14:51:39.582Z"
  },
  "__v": 0
}]